{"cameraMode":{"drawMode":0,"name":"Shaded","section":"Shading Mode"},"sceneLighting":false,"audioPlay":false,"sceneViewState":{"m_AlwaysRefresh":false,"showFog":false,"showSkybox":false,"showFlares":false,"showImageEffects":false,"showParticleSystems":false,"showVisualEffectGraphs":true,"m_FxEnabled":true},"in2DMode":false,"pivot":{"x":0.00798175111413002,"y":0.012038204818964005,"z":0.021403271704912187},"rotation":{"x":-0.061928603798151019,"y":-0.9380286335945129,"z":0.2460227757692337,"w":-0.23611651360988618},"size":0.09000908583402634,"orthographic":false}