{"cameraMode":{"drawMode":0,"name":"Shaded","section":"Shading Mode"},"sceneLighting":false,"audioPlay":false,"sceneViewState":{"m_AlwaysRefresh":false,"showFog":true,"showSkybox":true,"showFlares":true,"showImageEffects":true,"showParticleSystems":true,"showVisualEffectGraphs":true,"m_FxEnabled":true},"in2DMode":false,"pivot":{"x":0.17912031710147859,"y":0.8580074310302734,"z":0.4055320918560028},"rotation":{"x":-0.10934927314519882,"y":0.621936559677124,"z":-0.08827609568834305,"w":-0.7703623175621033},"size":3.337541341781616,"orthographic":false}