{"cameraMode":{"drawMode":0,"name":"Shaded","section":"Shading Mode"},"sceneLighting":false,"audioPlay":false,"sceneViewState":{"m_AlwaysRefresh":false,"showFog":true,"showSkybox":true,"showFlares":true,"showImageEffects":true,"showParticleSystems":true,"showVisualEffectGraphs":true,"m_FxEnabled":true},"in2DMode":false,"pivot":{"x":0.18544897437095643,"y":0.8485072255134583,"z":-1.309232473373413},"rotation":{"x":-0.06374586373567581,"y":-0.9295269846916199,"z":0.19229762256145478,"w":-0.30813121795654299},"size":1.5818121433258057,"orthographic":false}