{"cameraMode":{"drawMode":0,"name":"Shaded","section":"Shading Mode"},"sceneLighting":false,"audioPlay":false,"sceneViewState":{"m_AlwaysRefresh":false,"showFog":true,"showSkybox":true,"showFlares":true,"showImageEffects":true,"showParticleSystems":true,"showVisualEffectGraphs":true,"m_FxEnabled":true},"in2DMode":false,"pivot":{"x":-0.5630168914794922,"y":1.387013554573059,"z":0.20586147904396058},"rotation":{"x":-0.10680793970823288,"y":0.4691677689552307,"z":-0.057286832481622699,"w":-0.874754786491394},"size":3.0818119049072267,"orthographic":false}