{"cameraMode":{"drawMode":0,"name":"Shaded","section":"Shading Mode"},"sceneLighting":false,"audioPlay":false,"sceneViewState":{"m_AlwaysRefresh":false,"showFog":false,"showSkybox":false,"showFlares":false,"showImageEffects":false,"showParticleSystems":false,"showVisualEffectGraphs":true,"m_FxEnabled":true},"in2DMode":false,"pivot":{"x":-0.00043298956006765366,"y":0.04008482024073601,"z":0.011659212410449982},"rotation":{"x":0.011264597065746785,"y":0.9804317951202393,"z":-0.058895938098430637,"w":0.1875407099723816},"size":0.05817371606826782,"orthographic":false}