{"cameraMode":{"drawMode":0,"name":"Shaded","section":"Shading Mode"},"sceneLighting":false,"audioPlay":false,"sceneViewState":{"m_AlwaysRefresh":false,"showFog":true,"showSkybox":false,"showFlares":true,"showImageEffects":true,"showParticleSystems":true,"showVisualEffectGraphs":true,"m_FxEnabled":true},"in2DMode":false,"pivot":{"x":0.17872388660907746,"y":0.9019261598587036,"z":-5.243252277374268},"rotation":{"x":-0.018076308071613313,"y":0.9723437428474426,"z":-0.08040031790733338,"w":-0.21856056153774262},"size":5.0986552238464359,"orthographic":false}